,0
tenure,0.18219168508730604
InternetService,0.05018351615925778
Contract,0.04290809697107743
MonthlyCharges,0.028068654197576183
TotalCharges,0.019979965936915957
StreamingTV,0.004863307639345416
StreamingMovies,0.004256073634241098
TechSupport,0.004038390855770335
PaperlessBilling,0.003786023782037673
PaymentMethod,0.003234957628215418
OnlineSecurity,0.003139446397233581
MultipleLines,0.001377535965543486
OnlineBackup,0.0013172267058719322
SeniorCitizen,0.0011756423065574007
DeviceProtection,0.000673755377359897
gender,2.3554260215052913e-05
PhoneService,-0.00010249985763910452
Partner,-0.0002888632351647269
Dependents,-0.001018009949733667
