customerID,Contract,MonthlyCharges,charge_rank
2302-ANTDP,Month-to-month,117.45,1
8016-NCFVO,Month-to-month,116.5,2
9659-QEQSY,Month-to-month,115.65,3
4361-BKAXE,Month-to-month,114.5,4
6710-HSJRD,Month-to-month,114.1,5
9158-VCTQB,Month-to-month,113.6,6
7279-BUYWN,Month-to-month,113.2,7
0771-WLCLA,Month-to-month,112.95,8
1583-IHQZE,Month-to-month,112.95,8
9481-IEBZY,Month-to-month,112.9,10
2587-EKXTS,Month-to-month,111.5,11
7130-YXBRO,Month-to-month,111.45,12
3292-PBZEJ,Month-to-month,111.4,13
6168-YBYNP,Month-to-month,111.35,14
0115-TFERT,Month-to-month,111.2,15
2067-QYTCF,Month-to-month,111.15,16
9079-YEXQJ,Month-to-month,111.1,17
6067-NGCEU,Month-to-month,111.05,18
6030-REHUX,Month-to-month,110.85,19
5099-BAILX,Month-to-month,110.75,20
1320-REHCS,Month-to-month,110.75,20
3336-JORSO,Month-to-month,110.45,22
7576-JMYWV,Month-to-month,110.2,23
9851-KIELU,Month-to-month,110.1,24
2931-SVLTV,Month-to-month,110.1,24
3174-RKMOW,Month-to-month,109.95,26
0177-PXBAT,Month-to-month,109.9,27
3992-YWPKO,Month-to-month,109.9,27
1656-DRSMG,Month-to-month,109.85,29
3331-HQDTW,Month-to-month,109.8,30
0237-YFUTL,Month-to-month,109.65,31
1061-PNTHC,Month-to-month,109.6,32
6599-RCLCJ,Month-to-month,109.55,33
4176-FXYBO,Month-to-month,109.55,33
2522-AHJXR,Month-to-month,109.45,35
9052-VKDUW,Month-to-month,109.4,36
7537-CBQUZ,Month-to-month,109.4,36
3571-RFHAR,Month-to-month,109.15,38
9278-VZKCD,Month-to-month,109.1,39
8495-LJDFO,Month-to-month,108.95,40
9971-ZWPBF,Month-to-month,108.9,41
3761-FLYZI,Month-to-month,108.8,42
2027-WKXMW,Month-to-month,108.75,43
2144-BFDSO,Month-to-month,108.75,43
1216-BGTSP,Month-to-month,108.45,45
1074-AMIOH,Month-to-month,108.25,46
1110-KYLGQ,Month-to-month,108.25,46
4329-YPDDQ,Month-to-month,108.2,48
6179-GJPSO,Month-to-month,108.15,49
0363-QJVFX,Month-to-month,108.15,49
3657-COGMW,Month-to-month,108.1,51
5760-IFJOZ,Month-to-month,107.95,52
2081-VEYEH,Month-to-month,107.95,52
1833-TCXKK,Month-to-month,107.75,54
7821-DPRQE,Month-to-month,107.7,55
0114-PEGZZ,Month-to-month,107.55,56
8800-ZKRFW,Month-to-month,107.5,57
2615-YVMYX,Month-to-month,107.5,57
6394-MFYNG,Month-to-month,107.4,59
4566-GOLUK,Month-to-month,107.35,60
4716-HHKQH,Month-to-month,107.05,61
3606-TWKGI,Month-to-month,106.9,62
9137-UIYPG,Month-to-month,106.9,62
9710-ZUSHQ,Month-to-month,106.75,64
9572-MTILT,Month-to-month,106.75,64
2027-FECZV,Month-to-month,106.7,66
6591-QGOYB,Month-to-month,106.65,67
7825-ECJRF,Month-to-month,106.6,68
4010-YLMVT,Month-to-month,106.6,68
9822-WMWVG,Month-to-month,106.5,70
8535-SFUTN,Month-to-month,106.45,71
1552-AAGRX,Month-to-month,106.4,72
8118-LSUEL,Month-to-month,106.4,72
8938-UMKPI,Month-to-month,106.4,72
7048-GXDAY,Month-to-month,106.4,72
5380-WJKOV,Month-to-month,106.35,76
4220-TINQT,Month-to-month,106.35,76
3757-NJYBX,Month-to-month,106.35,76
5630-IXDXV,Month-to-month,106.35,76
0337-CNPZE,Month-to-month,106.3,80
1548-FEHVL,Month-to-month,106.2,81
7599-FKVXZ,Month-to-month,106.15,82
6377-WHAOX,Month-to-month,106.15,82
3957-LXOLK,Month-to-month,106.15,82
1309-BXVOQ,Month-to-month,106.1,85
5804-HYIEZ,Month-to-month,106.05,86
1228-FZFRV,Month-to-month,105.95,87
5130-IEKQT,Month-to-month,105.95,87
7752-XUSCI,Month-to-month,105.9,89
5647-FXOTP,Month-to-month,105.9,89
1400-MMYXY,Month-to-month,105.9,89
2249-YPRNG,Month-to-month,105.85,92
1104-TNLZA,Month-to-month,105.8,93
6900-PXRMS,Month-to-month,105.75,94
8868-WOZGU,Month-to-month,105.7,95
1421-HCERK,Month-to-month,105.7,95
8111-SLLHI,Month-to-month,105.65,97
4446-BZKHU,Month-to-month,105.55,98
5129-JLPIS,Month-to-month,105.5,99
7207-RMRDB,Month-to-month,105.5,99
